lat,lng,startTimeStamp,endTimeStamp,durationSeconds,gid
-73.9915390015,40.6644706726,2017-02-04 00:21:20,2017-02-04 00:23:28,128.0,360470143001
-73.9920349121,40.6644248962,2017-02-04 00:23:28,2017-02-04 00:46:56,1408.0,360470143001
-73.99168396,40.6640625,2017-02-04 00:46:56,2017-02-04 00:57:36,640.0,360470143001
-73.9916915894,40.6640625,2017-02-04 00:57:36,2017-02-04 01:01:52,256.0,360470143001
-73.9941635132,40.6642341614,2017-02-04 01:01:52,2017-02-04 11:39:44,38272.0,360470143002
-73.9916534424,40.664188385,2017-02-04 11:39:44,2017-02-04 16:32:00,17536.0,360470143001
-73.9950790405,40.6680259705,2017-02-04 16:32:00,2017-02-04 16:38:24,384.0,360470117003
-73.9990539551,40.6726264954,2017-02-04 16:38:24,2017-02-04 16:42:40,256.0,360470077003
-73.989944458,40.7014198303,2017-02-04 16:42:40,2017-02-04 16:46:56,256.0,360470021001
-73.9374542236,40.7239646912,2017-02-04 16:46:56,2017-02-04 16:53:20,384.0,360470449004
-73.8955383301,40.7475166321,2017-02-04 16:53:20,2017-02-04 16:57:36,256.0,360810265001
-73.8853149414,40.750202179,2017-02-04 16:57:36,2017-02-04 17:08:16,640.0,360810283004
-73.8935165405,40.7488021851,2017-02-04 17:08:16,2017-02-04 17:53:04,2688.0,360810291003
-73.8871154785,40.7495422363,2017-02-04 17:53:04,2017-02-04 20:33:04,9600.0,360810285003
-73.8973999023,40.749206543,2017-02-04 20:33:04,2017-02-04 20:39:28,384.0,360810263001
-73.9286575317,40.7522583008,2017-02-04 20:39:28,2017-02-04 20:41:36,128.0,360810055001
-73.9466323853,40.7480125427,2017-02-04 20:41:36,2017-02-04 20:45:52,256.0,360810019001
-73.954750061,40.7471084595,2017-02-04 20:45:52,2017-02-04 20:45:52,0.0,360810007003
-73.9695281982,40.7577476501,2017-02-04 20:45:52,2017-02-04 20:45:52,0.0,360610100002
-73.9697494507,40.7578430176,2017-02-04 20:45:52,2017-02-04 21:02:56,1024.0,360610100002
-73.9754867554,40.7603111267,2017-02-04 21:02:56,2017-02-04 22:32:32,5376.0,360610102001
-73.982421875,40.7631340027,2017-02-04 22:32:32,2017-02-04 22:36:48,256.0,360610131002
-73.9935531616,40.7518386841,2017-02-04 22:36:48,2017-02-04 22:47:28,640.0,360610101001
-74.0035018921,40.7253379822,2017-02-04 22:47:28,2017-02-04 22:58:08,640.0,360610049002
-74.0006256104,40.7239990234,2017-02-04 22:58:08,2017-02-05 01:44:32,9984.0,360610049001
-73.9954376221,40.7150840759,2017-02-05 01:44:32,2017-02-05 01:50:56,384.0,360610016001
-73.9903945923,40.7008247375,2017-02-05 01:50:56,2017-02-05 01:55:12,256.0,360470021001
-73.998664856,40.6703491211,2017-02-05 01:55:12,2017-02-05 03:18:24,4992.0,360470018001
-73.9920806885,40.6638679504,2017-02-05 03:18:24,2017-02-05 15:42:56,44672.0,360470143001
-73.9961242676,40.6680984497,2017-02-05 15:42:56,2017-02-05 16:12:48,1792.0,360470018001
-73.9987716675,40.6762771606,2017-02-05 16:12:48,2017-02-05 17:04:00,3072.0,360470077003
-73.9883651733,40.6702766418,2017-02-05 17:04:00,2017-02-05 17:18:56,896.0,360470137003
-73.9987106323,40.676235199,2017-02-05 17:18:56,2017-02-05 21:05:04,13568.0,360470077003
-73.9977111816,40.6706008911,2017-02-05 21:05:04,2017-02-05 21:11:28,384.0,360470119001
-73.991645813,40.6643028259,2017-02-05 21:11:28,2017-02-06 15:02:24,64256.0,360470143001
-74.0008010864,40.6755638123,2017-02-06 15:02:24,2017-02-06 15:17:20,896.0,360470065007
-74.0132904053,40.6785316467,2017-02-06 15:17:20,2017-02-06 16:29:52,4352.0,360470053002
-74.0128555298,40.6768264771,2017-02-06 16:29:52,2017-02-06 21:49:52,19200.0,360470053002
-74.0068893433,40.6776733398,2017-02-06 21:49:52,2017-02-06 21:56:16,384.0,360470085001
-74.0009918213,40.6757164001,2017-02-06 21:56:16,2017-02-06 22:04:48,512.0,360470059002
-73.9940795898,40.6660766602,2017-02-06 22:04:48,2017-02-06 22:58:08,3200.0,360470143001
-73.9914550781,40.6643333435,2017-02-06 22:58:08,2017-02-07 13:56:16,53888.0,360470143001
-73.9910964966,40.6740722656,2017-02-07 13:56:16,2017-02-07 17:14:40,11904.0,360470119001
-73.9056854248,40.6671714783,2017-02-07 17:14:40,2017-02-07 17:25:20,640.0,360470910001
-73.9851531982,40.6694908142,2017-02-07 17:25:20,2017-02-07 17:57:20,1920.0,360470137003
-74.0091247559,40.6907081604,2017-02-07 17:57:20,2017-02-07 18:05:52,1024.0,360610005000
-74.0011672974,40.7270622253,2017-02-07 18:14:24,2017-02-07 20:09:36,6912.0,360610049003
-74.0122528076,40.7196235657,2017-02-07 20:09:36,2017-02-07 20:20:16,640.0,360610039002
-73.9953308105,40.7275924683,2017-02-07 20:20:16,2017-02-07 21:58:24,5888.0,360610055011
-74.0013656616,40.7277030945,2017-02-07 21:58:24,2017-02-07 22:02:40,256.0,360610065003
-73.9942245483,40.7410621643,2017-02-07 22:02:40,2017-02-07 22:06:56,256.0,360610087001
-73.988822937,40.7486381531,2017-02-07 22:06:56,2017-02-07 22:34:40,1664.0,360610101001
-73.9975814819,40.7371788025,2017-02-07 22:34:40,2017-02-07 22:41:04,384.0,360610071001
-73.9941558838,40.6926460266,2017-02-07 22:41:04,2017-02-07 22:47:28,384.0,360470007003
-73.977935791,40.6846351624,2017-02-07 22:47:28,2017-02-07 23:06:40,1152.0,360470129011
-73.9809341431,40.6807174683,2017-02-07 23:06:40,2017-02-08 01:25:20,8320.0,360470127002
-73.9851074219,40.6746330261,2017-02-08 01:25:20,2017-02-08 01:36:00,640.0,360470135003
-73.9915847778,40.6641540527,2017-02-08 01:36:00,2017-02-08 14:58:08,48128.0,360470143001
-74.0019836426,40.6792984009,2017-02-08 14:58:08,2017-02-08 15:08:48,640.0,360470063002
-74.0123519897,40.7082176208,2017-02-08 15:08:48,2017-02-08 15:15:12,384.0,360610013002
-74.0150756836,40.7215995789,2017-02-08 15:15:12,2017-02-08 15:21:36,384.0,360610039000
-73.9993667603,40.7276954651,2017-02-08 15:21:36,2017-02-08 22:32:32,25856.0,360610065004
-74.0019454956,40.7284049988,2017-02-08 22:32:32,2017-02-08 22:56:00,1408.0,360610065003
-74.0023574829,40.6772880554,2017-02-08 22:56:00,2017-02-08 23:04:32,512.0,360470059002
-73.995262146,40.6660614014,2017-02-08 23:04:32,2017-02-09 11:39:44,45312.0,360470018001
-73.991897583,40.6636428833,2017-02-09 11:39:44,2017-02-09 16:19:12,16768.0,360470143001
-74.0036392212,40.6729660034,2017-02-09 16:19:12,2017-02-09 17:08:16,2944.0,360470053001
-73.9868392944,40.6695137024,2017-02-09 17:08:16,2017-02-09 17:25:20,1024.0,360470137003
-73.9971847534,40.6753616333,2017-02-09 17:25:20,2017-02-09 17:55:12,1792.0,360470077003
-73.9836196899,40.6724243164,2017-02-09 17:55:12,2017-02-09 18:35:44,2432.0,360470135002
-74.0009078979,40.6742286682,2017-02-09 18:35:44,2017-02-09 18:59:12,1408.0,360470053001
-73.9835662842,40.672416687,2017-02-09 18:59:12,2017-02-09 19:14:08,896.0,360470135002
-74.0006637573,40.6743927002,2017-02-09 19:14:08,2017-02-09 19:20:32,384.0,360470053001
-73.9853439331,40.6690254211,2017-02-09 19:20:32,2017-02-09 20:33:04,4352.0,360470137003
-74.0014343262,40.6745147705,2017-02-09 20:33:04,2017-02-09 20:43:44,640.0,360470053001
-73.9852142334,40.6689758301,2017-02-09 20:43:44,2017-02-09 21:09:20,1536.0,360470137003
-74.0012512207,40.6744918823,2017-02-09 21:09:20,2017-02-09 21:39:12,1792.0,360470053001
-73.9939041138,40.6651916504,2017-02-09 21:39:12,2017-02-10 03:05:36,19584.0,360470143001
-74.00390625,40.6732063293,2017-02-10 03:05:36,2017-02-10 04:39:28,5632.0,360470053001
-73.9918823242,40.6639251709,2017-02-10 04:39:28,2017-02-10 15:15:12,38144.0,360470143001
-74.0006713867,40.6753768921,2017-02-10 15:15:12,2017-02-10 15:42:56,1664.0,360470065007
-73.9863739014,40.6731300354,2017-02-10 15:42:56,2017-02-10 16:25:36,2560.0,360470135002
-73.9976806641,40.6758384705,2017-02-10 16:25:36,2017-02-10 22:06:56,20480.0,360470077003
-73.9959716797,40.6664009094,2017-02-10 22:06:56,2017-02-11 15:13:04,61568.0,360470018001
-73.9998397827,40.6498985291,2017-02-11 15:13:04,2017-02-11 15:28:00,896.0,360470088002
-74.002204895,40.6421012878,2017-02-11 15:28:00,2017-02-11 16:00:00,1920.0,360470094002
-74.0194549561,40.6320304871,2017-02-11 16:00:00,2017-02-11 19:12:00,11520.0,360470130002
-74.0249099731,40.6353683472,2017-02-11 19:12:00,2017-02-11 19:37:36,1536.0,360470068001
-74.0279006958,40.6308860779,2017-02-11 19:37:36,2017-02-11 20:07:28,1792.0,360470066002
-74.0261917114,40.6357574463,2017-02-11 20:07:28,2017-02-11 20:35:12,1664.0,360470068004
-74.0228424072,40.6284217834,2017-02-11 20:35:12,2017-02-11 20:41:36,384.0,360470136001
-74.01222229,40.6464080811,2017-02-11 20:41:36,2017-02-11 20:48:00,384.0,360470078002
-73.9975738525,40.660446167,2017-02-11 20:48:00,2017-02-12 16:42:40,71680.0,360470101001
-74.003944397,40.6732330322,2017-02-12 16:42:40,2017-02-12 18:35:44,6784.0,360470053001
-73.9914855957,40.6644439697,2017-02-12 18:35:44,2017-02-12 22:43:12,14848.0,360470143001
-74.0037765503,40.6731071472,2017-02-12 22:43:12,2017-02-13 12:39:28,50176.0,360470053001
-74.0040283203,40.6732940674,2017-02-13 12:39:28,2017-02-13 13:00:48,1280.0,360470053001
-73.991859436,40.6640815735,2017-02-13 13:00:48,2017-02-13 13:20:00,1152.0,360470143001
-74.00390625,40.6732063293,2017-02-13 13:20:00,2017-02-13 13:34:56,896.0,360470053001
-73.9918289185,40.6640586853,2017-02-13 13:34:56,2017-02-13 14:56:00,4864.0,360470143001
-74.0017776489,40.6744194031,2017-02-13 14:56:00,2017-02-13 15:06:40,640.0,360470053001
-73.9843063354,40.672504425,2017-02-13 15:06:40,2017-02-13 15:25:52,1152.0,360470135002
-74.0020065308,40.6761856079,2017-02-13 15:25:52,2017-02-13 16:08:32,2560.0,360470059002
-73.9859008789,40.6726913452,2017-02-13 16:08:32,2017-02-13 16:23:28,896.0,360470135002
-74.001625061,40.6809692383,2017-02-13 16:23:28,2017-02-13 16:29:52,384.0,360470063002
-73.9854507446,40.6690750122,2017-02-13 16:29:52,2017-02-13 16:42:40,768.0,360470137003
-74.001411438,40.6743965149,2017-02-13 16:42:40,2017-02-13 16:53:20,640.0,360470053001
-73.9856872559,40.6691360474,2017-02-13 16:53:20,2017-02-13 16:59:44,384.0,360470137003
-74.0004577637,40.6755218506,2017-02-13 16:59:44,2017-02-13 17:10:24,640.0,360470065007
-74.0075759888,40.6967124939,2017-02-13 17:10:24,2017-02-13 17:16:48,384.0,360610005000
-74.0112533569,40.7315177917,2017-02-13 17:16:48,2017-02-13 20:54:24,13056.0,360610069000
-73.9953231812,40.7230529785,2017-02-13 20:54:24,2017-02-13 21:11:28,1024.0,360610043003
-73.991355896,40.7029685974,2017-02-13 21:11:28,2017-02-13 21:37:04,1536.0,360470021001
-73.9972915649,40.6677894592,2017-02-13 21:37:04,2017-02-14 15:00:16,62592.0,360470018001
-74.0083084106,40.6532707214,2017-02-14 15:00:16,2017-02-14 15:17:20,1024.0,360470084002
-74.0096359253,40.6418151855,2017-02-14 15:17:20,2017-02-14 16:00:00,2560.0,360470100001
-74.011177063,40.6330833435,2017-02-14 16:00:00,2017-02-14 17:18:56,4736.0,360470120001
-74.005241394,40.6333084106,2017-02-14 17:18:56,2017-02-14 17:23:12,256.0,360470116003
-73.9946365356,40.6403961182,2017-02-14 17:23:12,2017-02-14 17:27:28,256.0,360470112002
-73.980796814,40.647228241,2017-02-14 17:27:28,2017-02-14 17:33:52,384.0,360470498001
-73.9823074341,40.6620445251,2017-02-14 17:33:52,2017-02-14 17:38:08,256.0,360470169002
-73.9712295532,40.672832489,2017-02-14 17:38:08,2017-02-14 17:42:24,256.0,360470159001
-73.9652786255,40.6796302795,2017-02-14 17:42:24,2017-02-14 18:33:36,3072.0,360470203002
-73.9828567505,40.6732559204,2017-02-14 18:33:36,2017-02-14 19:22:40,2944.0,360470135001
-73.9995269775,40.6750869751,2017-02-14 19:22:40,2017-02-14 19:58:56,2176.0,360470065007
-73.9714431763,40.6762123108,2017-02-14 19:58:56,2017-02-14 20:20:16,1280.0,360470159001
-73.9643630981,40.6791343689,2017-02-14 20:20:16,2017-02-14 20:39:28,1152.0,360470203001
-73.9809112549,40.6791305542,2017-02-14 20:39:28,2017-02-14 21:00:48,1280.0,360470131001
-73.9956054688,40.6769142151,2017-02-14 21:00:48,2017-02-14 22:00:32,3584.0,360470077003
-74.0020675659,40.6780090332,2017-02-14 22:00:32,2017-02-14 22:04:48,256.0,360470065006
-73.9993438721,40.6931190491,2017-02-14 22:04:48,2017-02-14 22:11:12,384.0,360470007001
-73.9939956665,40.7177085876,2017-02-14 22:11:12,2017-02-14 22:15:28,256.0,360610016001
-73.9916992188,40.722568512,2017-02-14 22:15:28,2017-02-14 22:21:52,384.0,360610036013
-73.998840332,40.7264633179,2017-02-14 22:21:52,2017-02-14 22:26:08,256.0,360610055013
-74.0011520386,40.7309379578,2017-02-14 22:26:08,2017-02-14 22:32:32,384.0,360610065001
-74.0063247681,40.7335624695,2017-02-14 22:32:32,2017-02-15 00:08:32,5760.0,360610075003
-74.0040054321,40.7377586365,2017-02-15 00:08:32,2017-02-15 00:14:56,384.0,360610077004
-74.0038909912,40.7253303528,2017-02-15 00:14:56,2017-02-15 01:46:40,5504.0,360610047001
-74.0008926392,40.7210884094,2017-02-15 01:46:40,2017-02-15 01:55:12,512.0,360610047002
-73.9948959351,40.718372345,2017-02-15 01:55:12,2017-02-15 02:03:44,512.0,360610041002
-73.9929656982,40.7129631042,2017-02-15 02:03:44,2017-02-15 02:14:24,640.0,360610008006
-73.9785461426,40.6838722229,2017-02-15 02:14:24,2017-02-15 02:20:48,384.0,360470129011
-73.9884185791,40.6708717346,2017-02-15 02:20:48,2017-02-15 02:27:12,384.0,360470121001
-73.9915466309,40.6642494202,2017-02-15 02:27:12,2017-02-15 10:27:12,28800.0,360470143001
-73.9915466309,40.6641654968,2017-02-15 10:27:12,2017-02-15 16:40:32,22400.0,360470143001
-73.9816360474,40.6821060181,2017-02-15 16:40:32,2017-02-15 16:51:12,640.0,360470127001
-73.9886779785,40.6990318298,2017-02-15 16:51:12,2017-02-15 16:55:28,256.0,360470013001
-73.9943084717,40.7263259888,2017-02-15 16:55:28,2017-02-15 21:45:36,17408.0,360610055021
-73.9978866577,40.7275924683,2017-02-15 21:45:36,2017-02-15 23:02:24,4608.0,360610055012
-74.0015716553,40.7261581421,2017-02-15 23:02:24,2017-02-16 00:59:44,7040.0,360610049003
-73.9920730591,40.6641693115,2017-02-16 00:59:44,2017-02-16 01:55:12,3328.0,360470143001
-73.9915161133,40.664352417,2017-02-16 01:55:12,2017-02-16 10:22:56,30464.0,360470143001
-73.9914398193,40.6641769409,2017-02-16 10:22:56,2017-02-16 15:17:20,17664.0,360470143001
-73.9903335571,40.6686897278,2017-02-16 15:17:20,2017-02-16 15:28:00,640.0,360470117001
-73.9942474365,40.6716194153,2017-02-16 15:28:00,2017-02-16 15:32:16,256.0,360470119001
-73.9976425171,40.6754760742,2017-02-16 15:32:16,2017-02-17 16:51:12,91136.0,360470077003
-73.9994506836,40.704334259,2017-02-17 16:51:12,2017-02-17 16:59:44,512.0,360610015010
-73.9869384766,40.714138031,2017-02-17 16:59:44,2017-02-17 17:08:16,512.0,360610002011
-73.9950790405,40.7259178162,2017-02-17 17:08:16,2017-02-17 22:30:24,19328.0,360610055022
-73.9902114868,40.7078056335,2017-02-17 22:30:24,2017-02-17 22:36:48,384.0,360610006000
-73.9849777222,40.691734314,2017-02-17 22:36:48,2017-02-17 22:43:12,384.0,360470015003
-73.9783630371,40.684589386,2017-02-17 22:43:12,2017-02-18 03:37:36,17664.0,360470039001
-73.9929428101,40.7156829834,2017-02-18 03:37:36,2017-02-18 04:18:08,2432.0,360610016003
-74.0054016113,40.7218284607,2017-02-18 04:18:08,2017-02-18 05:00:48,2560.0,360610033003
-74.0155944824,40.7275352478,2017-02-18 05:00:48,2017-02-18 06:15:28,4480.0,360610037000
-74.0045471191,40.7186508179,2017-02-18 06:15:28,2017-02-18 08:19:12,7424.0,360610033001
-73.9946365356,40.6697654724,2017-02-18 08:19:12,2017-02-18 19:58:56,41984.0,360470117002
-73.9657211304,40.6823997498,2017-02-18 19:58:56,2017-02-18 21:49:52,6656.0,360470199003
-73.9691085815,40.6777000427,2017-02-18 21:49:52,2017-02-19 01:18:56,12544.0,360470163003
-73.9780807495,40.6722755432,2017-02-19 01:18:56,2017-02-19 01:31:44,768.0,360470157004
-73.9839782715,40.6718978882,2017-02-19 01:31:44,2017-02-19 01:44:32,768.0,360470135002
-73.9887695312,40.6656723022,2017-02-19 01:44:32,2017-02-19 02:14:24,1792.0,360470141001
-74.003868103,40.6721191406,2017-02-19 02:14:24,2017-02-19 02:52:48,2304.0,360470053001
-73.9913635254,40.6647758484,2017-02-19 02:52:48,2017-02-19 20:37:20,63872.0,360470141002
-73.9922943115,40.6642799377,2017-02-19 20:37:20,2017-02-20 12:54:24,58624.0,360470143001
-73.9909362793,40.6715011597,2017-02-20 12:54:24,2017-02-20 13:13:36,1152.0,360470121001
-73.998298645,40.6772117615,2017-02-20 13:13:36,2017-02-20 13:22:08,512.0,360470077003
-73.9943237305,40.6807174683,2017-02-20 13:22:08,2017-02-20 13:28:32,384.0,360470075004
-73.9903259277,40.6867675781,2017-02-20 13:28:32,2017-02-20 13:41:20,768.0,360470043003
-73.9747695923,40.7012557983,2017-02-20 13:41:20,2017-02-20 13:54:08,768.0,360470543001
-73.875289917,40.7495574951,2017-02-20 13:54:08,2017-02-20 14:56:00,3712.0,360810275003
-73.8889312744,40.7504081726,2017-02-20 14:56:00,2017-02-20 15:15:12,1152.0,360810287002
-73.8883666992,40.7449798584,2017-02-20 15:15:12,2017-02-20 15:30:08,896.0,360810267002
-73.8938980103,40.7466239929,2017-02-20 15:30:08,2017-02-20 15:45:04,896.0,360810265001
-73.9001083374,40.7463798523,2017-02-20 15:45:04,2017-02-20 16:10:40,1536.0,360810261004
-73.997718811,40.6929969788,2017-02-20 16:10:40,2017-02-20 16:14:56,256.0,360470007002
-74.0004425049,40.6777992249,2017-02-20 16:14:56,2017-02-20 21:54:08,20352.0,360470065006
-73.9942474365,40.6655693054,2017-02-20 21:54:08,2017-02-21 03:09:52,18944.0,360470143001
-73.9922409058,40.6640434265,2017-02-21 03:09:52,2017-02-21 17:21:04,51072.0,360470143001
-73.9994735718,40.6917877197,2017-02-21 17:21:04,2017-02-21 17:33:52,768.0,360470007001
-73.9978179932,40.7275924683,2017-02-21 17:33:52,2017-02-21 21:45:36,15104.0,360610055012
-73.9978179932,40.7275924683,2017-02-21 21:45:36,2017-02-21 22:17:36,1920.0,360610055012
-73.9919128418,40.7027587891,2017-02-21 22:17:36,2017-02-21 22:30:24,768.0,360470021001
-73.9851150513,40.6739654541,2017-02-21 22:30:24,2017-02-21 22:43:12,768.0,360470135003
-73.9922332764,40.6640396118,2017-02-21 22:43:12,2017-02-22 02:22:56,13184.0,360470143001
-74.0042800903,40.6724395752,2017-02-22 02:22:56,2017-02-22 17:04:00,52864.0,360470053001
-74.0022277832,40.6747398376,2017-02-22 17:04:00,2017-02-22 17:50:56,2816.0,360470085002
-73.9853439331,40.6730232239,2017-02-22 17:50:56,2017-02-22 18:46:24,3328.0,360470135002
-74.0023193359,40.6747703552,2017-02-22 18:46:24,2017-02-22 19:20:32,2048.0,360470085002
-73.9853515625,40.6731338501,2017-02-22 19:20:32,2017-02-22 19:29:04,512.0,360470135002
-74.0019683838,40.6746520996,2017-02-22 19:29:04,2017-02-22 19:54:40,1536.0,360470085002
-73.9857711792,40.6746330261,2017-02-22 19:54:40,2017-02-22 20:48:00,3200.0,360470119001
-74.0029296875,40.6760520935,2017-02-22 20:48:00,2017-02-22 21:11:28,1408.0,360470085002
-73.9860992432,40.6715011597,2017-02-22 21:11:28,2017-02-23 00:32:00,12032.0,360470137002
-74.0042800903,40.6724395752,2017-02-23 00:32:00,2017-02-23 10:57:04,37504.0,360470053001
-73.992729187,40.6642494202,2017-02-23 10:57:04,2017-02-23 11:46:08,2944.0,360470143001
-73.992729187,40.6642494202,2017-02-23 11:46:08,2017-02-23 16:17:04,16256.0,360470143001
-74.0015563965,40.6768760681,2017-02-23 16:17:04,2017-02-23 16:25:36,512.0,360470059002
-73.9980010986,40.7049560547,2017-02-23 16:25:36,2017-02-23 16:34:08,512.0,360610015010
-74.0017166138,40.7276153564,2017-02-23 16:34:08,2017-02-23 18:50:40,8192.0,360610049003
-74.014175415,40.7161331177,2017-02-23 18:50:40,2017-02-23 18:59:12,512.0,360610317032
-74.0033416748,40.6782417297,2017-02-23 18:59:12,2017-02-23 21:07:12,7680.0,360470059002
-73.9914474487,40.666809082,2017-02-23 21:07:12,2017-02-23 23:49:20,9728.0,360470141003
-73.9914703369,40.6643676758,2017-02-23 23:49:20,2017-02-24 14:06:56,51456.0,360470143001
-73.9973754883,40.6702308655,2017-02-24 14:06:56,2017-02-24 14:15:28,512.0,360470119001
-73.9983215332,40.6760520935,2017-02-24 14:15:28,2017-02-24 17:38:08,12160.0,360470077003
-74.0029067993,40.6799354553,2017-02-24 17:38:08,2017-02-24 17:44:32,384.0,360470063002
-73.9941635132,40.7011795044,2017-02-24 17:44:32,2017-02-24 17:55:12,640.0,360470001001
-73.9378356934,40.7236709595,2017-02-24 17:55:12,2017-02-24 17:59:28,256.0,360470449004
-73.8928451538,40.7254447937,2017-02-24 17:59:28,2017-02-24 18:05:52,384.0,360810493022
-73.8430023193,40.7405853271,2017-02-24 18:05:52,2017-02-24 18:14:24,512.0,360810383021
-73.780708313,40.7444000244,2017-02-24 18:14:24,2017-02-24 18:18:40,256.0,360811409022
-73.7585525513,40.743522644,2017-02-24 18:18:40,2017-02-24 18:52:48,2048.0,360811367005
-73.7536315918,40.7343139648,2017-02-24 18:52:48,2017-02-24 19:52:32,3584.0,360811291021
-73.8793640137,40.7458763123,2017-02-24 19:52:32,2017-02-24 21:02:56,4224.0,360810271003
-73.8915023804,40.7490882874,2017-02-24 21:02:56,2017-02-24 21:22:08,1152.0,360810289003
-73.9194488525,40.7363128662,2017-02-24 21:22:08,2017-02-24 21:37:04,896.0,360810235001
-73.9745483398,40.7024497986,2017-02-24 21:37:04,2017-02-24 21:43:28,384.0,360470543001
-73.9869918823,40.7011260986,2017-02-24 21:43:28,2017-02-24 21:49:52,384.0,360470021002
-74.0002746582,40.6899452209,2017-02-24 21:49:52,2017-02-24 22:11:12,1280.0,360470047001
-73.9906158447,40.6755638123,2017-02-24 22:11:12,2017-02-24 22:21:52,640.0,360470119001
-73.9989013672,40.6759719849,2017-02-24 22:21:52,2017-02-25 02:10:08,13696.0,360470077003
-73.9915390015,40.6643180847,2017-02-25 02:10:08,2017-02-25 14:19:44,43776.0,360470143001
-73.9929885864,40.66929245,2017-02-25 14:19:44,2017-02-25 14:26:08,384.0,360470117001
-73.9809188843,40.680480957,2017-02-25 14:26:08,2017-02-25 16:34:08,7680.0,360470129013
-73.9839859009,40.6761131287,2017-02-25 16:34:08,2017-02-25 16:42:40,512.0,360470119003
-73.9881362915,40.6711006165,2017-02-25 16:42:40,2017-02-25 16:51:12,512.0,360470121001
-73.9913711548,40.6672439575,2017-02-25 16:51:12,2017-02-25 18:46:24,6912.0,360470117002
-73.9970245361,40.6695327759,2017-02-25 18:46:24,2017-02-25 18:50:40,256.0,360470119001
-73.9973068237,40.6840934753,2017-02-25 18:50:40,2017-02-25 19:09:52,1152.0,360470067002
-73.9987487793,40.6762619019,2017-02-25 19:09:52,2017-02-25 19:44:00,2048.0,360470077003
-73.997718811,40.6705589294,2017-02-25 19:44:00,2017-02-25 19:50:24,384.0,360470119001
-73.9914703369,40.6642341614,2017-02-25 19:50:24,2017-02-25 21:54:08,7424.0,360470143001
-73.9882888794,40.6668357849,2017-02-25 21:54:08,2017-02-25 22:02:40,512.0,360470139002
-73.9811706543,40.680480957,2017-02-25 22:02:40,2017-02-25 23:32:16,5376.0,360470127002
-73.9407577515,40.7221107483,2017-02-25 23:32:16,2017-02-25 23:38:40,384.0,360470449003
-73.9188079834,40.7352409363,2017-02-25 23:38:40,2017-02-25 23:49:20,640.0,360810235001
-73.8590545654,40.759853363,2017-02-25 23:49:20,2017-02-26 02:59:12,11392.0,360810373002
-73.8405380249,40.7536010742,2017-02-26 02:59:12,2017-02-26 03:14:08,896.0,360810383021
-73.7476348877,40.7376174927,2017-02-26 03:14:08,2017-02-26 04:13:52,3584.0,360811291042
-73.7565917969,40.7372093201,2017-02-26 04:13:52,2017-02-26 04:24:32,640.0,360811291032
-73.7736129761,40.7687187195,2017-02-26 04:24:32,2017-02-26 05:30:40,3968.0,360811123001
-73.9947738647,40.6645393372,2017-02-26 05:30:40,2017-02-27 00:38:24,68864.0,360470143002
-73.9881896973,40.6627883911,2017-02-27 00:38:24,2017-02-27 00:44:48,384.0,360470149005
-73.9704666138,40.6729011536,2017-02-27 00:44:48,2017-02-27 00:51:12,384.0,360470159001
-73.9425888062,40.6693077087,2017-02-27 00:51:12,2017-02-27 00:55:28,256.0,360470337002
-73.9202728271,40.6692390442,2017-02-27 00:55:28,2017-02-27 01:04:00,512.0,360470361003
-73.8682861328,40.7023582458,2017-02-27 01:04:00,2017-02-27 01:08:16,256.0,360810641021
-73.7915802002,40.7191925049,2017-02-27 01:08:16,2017-02-27 01:14:40,384.0,360810456001
-73.754119873,40.730796814,2017-02-27 01:14:40,2017-02-27 04:11:44,10624.0,360811291023
-73.9419555664,40.7215042114,2017-02-27 04:11:44,2017-02-27 04:18:08,384.0,360470477001
-73.9991760254,40.6915626526,2017-02-27 04:18:08,2017-02-27 04:22:24,256.0,360470047001
-73.9933700562,40.6652183533,2017-02-27 04:22:24,2017-02-27 14:34:40,36736.0,360470143001
-73.997177124,40.6697883606,2017-02-27 14:34:40,2017-02-27 15:04:32,1792.0,360470119001
-73.9987335205,40.6761703491,2017-02-27 15:04:32,2017-02-27 22:41:04,27392.0,360470077003
-73.9946289062,40.6723861694,2017-02-27 22:41:04,2017-02-27 22:53:52,768.0,360470119001
-73.9924621582,40.665687561,2017-02-27 22:53:52,2017-02-28 11:05:36,43904.0,360470141002
-73.9915618896,40.6641654968,2017-02-28 11:05:36,2017-02-28 16:25:36,19200.0,360470143001
-73.9888381958,40.6700172424,2017-02-28 16:25:36,2017-02-28 16:34:08,512.0,360470139004
-73.9831314087,40.6770935059,2017-02-28 16:34:08,2017-02-28 16:40:32,384.0,360470133001
-73.978553772,40.6838531494,2017-02-28 16:40:32,2017-02-28 16:49:04,512.0,360470129011
-73.9812088013,40.6898651123,2017-02-28 16:49:04,2017-02-28 16:53:20,256.0,360470033002
-73.9891052246,40.7042579651,2017-02-28 16:53:20,2017-02-28 16:59:44,384.0,360470021002
-73.9939651489,40.71925354,2017-02-28 16:59:44,2017-02-28 17:06:08,384.0,360610018005
-73.996383667,40.7236480713,2017-02-28 17:06:08,2017-02-28 17:14:40,512.0,360610043001
-73.9990234375,40.7280273438,2017-02-28 17:14:40,2017-02-28 23:25:52,22272.0,360610065004
-73.9849243164,40.6925926208,2017-02-28 23:25:52,2017-02-28 23:36:32,640.0,360470015003
-73.9853210449,40.6752128601,2017-02-28 23:36:32,2017-02-28 23:57:52,1280.0,360470119001
-73.9940719604,40.6639022827,2017-02-28 23:57:52,2017-03-01 03:09:52,11520.0,360470143002
-73.9937667847,40.6642570496,2017-03-01 03:09:52,2017-03-01 16:19:12,47360.0,360470143002
-73.9968795776,40.6686935425,2017-03-01 16:19:12,2017-03-01 16:29:52,640.0,360470018001
-73.9993438721,40.6883773804,2017-03-01 16:29:52,2017-03-01 16:29:52,0.0,360470047001
-73.990776062,40.7017059326,2017-03-01 16:29:52,2017-03-01 16:34:08,256.0,360470021001
-73.9853057861,40.700378418,2017-03-01 16:34:08,2017-03-01 16:36:16,128.0,360470023001
-73.9950332642,40.7156105042,2017-03-01 16:36:16,2017-03-01 16:40:32,256.0,360610016001
-73.9916152954,40.7224617004,2017-03-01 16:40:32,2017-03-01 22:00:32,19200.0,360610036013
-73.9944992065,40.7185287476,2017-03-01 22:00:32,2017-03-01 22:13:20,768.0,360610018005
-73.9916000366,40.7028999329,2017-03-01 22:13:20,2017-03-01 22:32:32,1152.0,360470021001
-73.9789199829,40.6851882935,2017-03-01 22:32:32,2017-03-01 22:36:48,256.0,360470039001
-73.9857330322,40.6730537415,2017-03-01 22:36:48,2017-03-02 08:53:20,36992.0,360470135002
-73.9918518066,40.6638298035,2017-03-02 08:53:20,2017-03-02 10:08:00,4480.0,360470143001
-73.9937667847,40.6642570496,2017-03-02 10:08:00,2017-03-02 14:53:52,17152.0,360470143002
-73.9972839355,40.6687545776,2017-03-02 14:53:52,2017-03-02 15:13:04,1152.0,360470018001
-74.0243988037,40.6773643494,2017-03-02 15:13:04,2017-03-02 16:00:00,2816.0,360470053000
-74.0124740601,40.6776695251,2017-03-02 16:00:00,2017-03-02 17:16:48,4608.0,360470053002
-73.9910049438,40.6738548279,2017-03-02 17:16:48,2017-03-02 17:36:00,1152.0,360470119001
-73.9981460571,40.675994873,2017-03-02 17:36:00,2017-03-02 23:04:32,19712.0,360470077003
-73.9920501709,40.6770095825,2017-03-02 23:04:32,2017-03-02 23:08:48,256.0,360470077002
-73.9811096191,40.6804771423,2017-03-02 23:08:48,2017-03-03 02:22:56,11648.0,360470127002
-73.9831619263,40.6747016907,2017-03-03 02:22:56,2017-03-03 02:37:52,896.0,360470133004
-73.9810180664,40.6804504395,2017-03-03 02:37:52,2017-03-03 03:24:48,2816.0,360470127002
-73.9839477539,40.676071167,2017-03-03 03:24:48,2017-03-03 03:29:04,256.0,360470133003
-73.9915542603,40.6640319824,2017-03-03 03:29:04,2017-03-03 13:41:20,36736.0,360470143001
-73.991607666,40.6641769409,2017-03-03 13:41:20,2017-03-03 16:59:44,11904.0,360470143001
-73.9916610718,40.6641769409,2017-03-03 16:59:44,2017-03-03 20:07:28,11264.0,360470143001
-73.9915237427,40.664276123,2017-03-03 20:07:28,2017-03-04 15:30:08,69760.0,360470143001
-73.9981536865,40.6760673523,2017-03-04 15:30:08,2017-03-05 00:06:24,30976.0,360470077003
-73.9905548096,40.663444519,2017-03-05 00:06:24,2017-03-06 01:55:12,92928.0,360470143001
-73.9915466309,40.664188385,2017-03-06 01:55:12,2017-03-06 14:19:44,44672.0,360470143001
-73.9901123047,40.6686134338,2017-03-06 14:19:44,2017-03-06 14:24:00,256.0,360470139003
-73.9929122925,40.6731643677,2017-03-06 14:24:00,2017-03-06 14:32:32,512.0,360470121001
-73.9991607666,40.6755981445,2017-03-06 14:32:32,2017-03-06 18:08:00,12928.0,360470065007
-73.9776153564,40.6770057678,2017-03-06 18:08:00,2017-03-06 18:27:12,1152.0,360470131002
-73.9950714111,40.6753616333,2017-03-06 18:27:12,2017-03-06 19:24:48,3456.0,360470119001
-74.0020828247,40.6779441833,2017-03-06 19:24:48,2017-03-06 19:29:04,256.0,360470059002
-73.9991760254,40.6887702942,2017-03-06 19:29:04,2017-03-06 19:33:20,256.0,360470047001
-73.9941329956,40.7012290955,2017-03-06 19:33:20,2017-03-06 19:39:44,384.0,360470001001
-73.9795379639,40.6962890625,2017-03-06 19:39:44,2017-03-06 19:44:00,256.0,360470029011
-73.9655990601,40.6957130432,2017-03-06 19:44:00,2017-03-06 19:48:16,256.0,360470191002
-73.9605941772,40.7022209167,2017-03-06 19:48:16,2017-03-06 19:54:40,384.0,360470537001
-73.9570770264,40.7084007263,2017-03-06 19:54:40,2017-03-06 19:58:56,256.0,360470527004
-73.9537887573,40.7132797241,2017-03-06 19:58:56,2017-03-06 20:03:12,256.0,360470513004
-73.9435043335,40.7204971313,2017-03-06 20:03:12,2017-03-06 20:09:36,384.0,360470477001
-73.9124526978,40.7359008789,2017-03-06 20:09:36,2017-03-06 20:13:52,256.0,360810229001
-73.8850708008,40.7544403076,2017-03-06 20:13:52,2017-03-06 20:16:00,128.0,360810283001
-73.8847885132,40.752407074,2017-03-06 20:16:00,2017-03-06 21:32:48,4608.0,360810283002
-73.9230728149,40.7491188049,2017-03-06 21:32:48,2017-03-06 21:39:12,384.0,360810171001
-73.9152069092,40.7506370544,2017-03-06 21:39:12,2017-03-06 21:43:28,256.0,360810171001
-73.919631958,40.743347168,2017-03-06 21:43:28,2017-03-07 00:14:56,9088.0,360810183004
-73.9135360718,40.7440643311,2017-03-07 00:14:56,2017-03-07 00:21:20,384.0,360810253022
-73.9127883911,40.7487640381,2017-03-07 00:21:20,2017-03-07 00:29:52,512.0,360810169004
-73.9198226929,40.7494087219,2017-03-07 00:29:52,2017-03-07 00:36:16,384.0,360810171001
-73.9224777222,40.7388114929,2017-03-07 00:36:16,2017-03-07 00:40:32,256.0,360810185012
-73.9546127319,40.7130088806,2017-03-07 00:40:32,2017-03-07 00:44:48,256.0,360470513004
-73.9652557373,40.6958007812,2017-03-07 00:44:48,2017-03-07 00:51:12,384.0,360470191002
-73.9711685181,40.6959915161,2017-03-07 00:51:12,2017-03-07 00:59:44,512.0,360470187001
-73.9995498657,40.6736030579,2017-03-07 00:59:44,2017-03-07 01:10:24,640.0,360470077003
-73.9915771484,40.664226532,2017-03-07 01:10:24,2017-03-07 16:12:48,54144.0,360470143001
-73.9973983765,40.6703948975,2017-03-07 16:12:48,2017-03-07 16:19:12,384.0,360470119001
-73.9983978271,40.6902198792,2017-03-07 16:19:12,2017-03-07 16:23:28,256.0,360470047001
-73.9941329956,40.7011833191,2017-03-07 16:23:28,2017-03-07 16:27:44,256.0,360470001001
-73.9938812256,40.7178001404,2017-03-07 16:27:44,2017-03-07 16:34:08,384.0,360610016001
-73.9948883057,40.7250099182,2017-03-07 16:34:08,2017-03-07 16:38:24,256.0,360610055022
-73.9985580444,40.7289505005,2017-03-07 16:38:24,2017-03-07 19:44:00,11136.0,360610065005
-73.9953384399,40.7251663208,2017-03-07 19:44:00,2017-03-07 19:50:24,384.0,360610055022
-73.9864044189,40.6996994019,2017-03-07 19:50:24,2017-03-07 19:54:40,256.0,360470023003
-73.981300354,40.6898803711,2017-03-07 19:54:40,2017-03-07 20:05:20,640.0,360470033002
-73.9836730957,40.6908950806,2017-03-07 20:05:20,2017-03-07 20:26:40,1280.0,360470015003
-73.9869308472,40.6925544739,2017-03-07 20:26:40,2017-03-08 02:08:00,20480.0,360470011001
-73.9792404175,40.6787414551,2017-03-08 02:08:00,2017-03-08 04:58:40,10240.0,360470131001
-73.9916152954,40.6639060974,2017-03-08 04:58:40,2017-03-08 12:30:56,27136.0,360470143001
-74.0026931763,40.6811981201,2017-03-08 12:30:56,2017-03-08 12:37:20,384.0,360470051003
-74.0128250122,40.7098045349,2017-03-08 12:37:20,2017-03-08 12:43:44,384.0,360610013001
-74.017326355,40.7280006409,2017-03-08 12:43:44,2017-03-08 12:48:00,256.0,360610037000
-73.9991760254,40.7281761169,2017-03-08 12:48:00,2017-03-08 17:44:32,17792.0,360610065004
-74.0127334595,40.7074661255,2017-03-08 17:44:32,2017-03-08 17:50:56,384.0,360610013002
-74.0044631958,40.6854667664,2017-03-08 17:50:56,2017-03-08 17:55:12,256.0,360470051001
-73.9954147339,40.6662101746,2017-03-08 17:55:12,2017-03-08 18:18:40,1408.0,360470018001
-73.9929122925,40.6640892029,2017-03-08 18:18:40,2017-03-08 19:16:16,3456.0,360470143001
-74.020149231,40.6431846619,2017-03-08 19:16:16,2017-03-08 19:22:40,384.0,360470022002
-73.9871826172,40.6344871521,2017-03-08 19:22:40,2017-03-08 19:29:04,384.0,360470234001
-73.9113235474,40.6095123291,2017-03-08 19:29:04,2017-03-08 19:33:20,256.0,360470702014
-73.8818588257,40.6361122131,2017-03-08 19:33:20,2017-03-08 19:37:36,256.0,360471034001
-73.8522644043,40.6647224426,2017-03-08 19:37:36,2017-03-08 19:48:16,640.0,360810062025
-73.7889938354,40.6466217041,2017-03-08 19:48:16,2017-03-08 21:30:40,6144.0,360810716001
-73.789604187,40.6564483643,2017-03-08 21:30:40,2017-03-08 22:15:28,2688.0,360810716001